Function_name,Description,Category,Syntax,Example,Tutorial_1,Tutorial_2,Tutorial_3,Tutorial_4
VLOOKUP,Searches for a value in the first column...,Lookup and reference,"VLOOKUP(lookup_value, table_array, col_index_num, [range_lookup])","=VLOOKUP(""Apple"", A2:B6, 2, FALSE)", Identify the value to search (lookup_value), Select the range of cells (table_array), Specify which column to return data from (col_index_num), Set range_lookup as FALSE for exact match
SUM,Adds all numbers in a range of cells.,Math and trigonometry,"SUM(number1, [number2], ...)",=SUM(A1:A6), Select the cells you want to add, Use the SUM function with the selected range, Press Enter to get the total,
IF,Returns one value if a condition is TRUE and another if FALSE.,Logical,"IF(logical_test, value_if_true, value_if_false)","=IF(A1>10, ""High"", ""Low"")", Write a condition you want to check (logical_test), Define what to return if TRUE, Define what to return if FALSE,
CONCATENATE,Joins two or more text strings into one.,Text,"CONCATENATE(text1, text2, ...)","=CONCATENATE(A1, "" "", B1)", Choose the text cells or values to join, Use CONCATENATE to combine them, Use quotation marks to add spaces or punctuation,
ABS,Returns the absolute value of a number,Math and trigonometry,,,,,,
ACCRINT,Returns the accrued interest for a security that pays periodic interest,Financial,,,,,,
ACCRINTM,Returns the accrued interest for a security that pays interest at maturity,Financial,,,,,,
ACOS,Returns the arccosine of a number,Math and trigonometry,,,,,,
ACOSH,Returns the inverse hyperbolic cosine of a number,Math and trigonometry,,,,,,
ACOT,Returns the arccotangent of a number,Math and trigonometry,,,,,,
ACOTH,Returns the hyperbolic arccotangent of a number,Math and trigonometry,,,,,,
AGGREGATE,Returns an aggregate in a list or database,Math and trigonometry,,,,,,
ADDRESS,Returns a reference as text to a single cell in a worksheet,Lookup and reference,,,,,,
AMORDEGRC,Returns the depreciation for each accounting period by using a depreciation coefficient,Financial,,,,,,
AMORLINC,Returns the depreciation for each accounting period,Financial,,,,,,
AND,Returns TRUE if all of its arguments are TRUE,Logical,,,,,,
ARABIC,"Converts a Roman number to Arabic, as a number",Math and trigonometry,,,,,,
AREAS,Returns the number of areas in a reference,Lookup and reference,,,,,,
ARRAYTOTEXT,Returns an array of text values from any specified range,Text,,,,,,
ASC,Changes full-width (double-byte) English letters or katakana within a character string to half-width (single-byte) characters,Text,,,,,,
ASIN,Returns the arcsine of a number,Math and trigonometry,,,,,,
ASINH,Returns the inverse hyperbolic sine of a number,Math and trigonometry,,,,,,
ATAN,Returns the arctangent of a number,Math and trigonometry,,,,,,
ATAN2,Returns the arctangent from x- and y-coordinates,Math and trigonometry,,,,,,
ATANH,Returns the inverse hyperbolic tangent of a number,Math and trigonometry,,,,,,
AVEDEV,Returns the average of the absolute deviations of data points from their mean,Statistical,,,,,,
AVERAGE,Returns the average of its arguments,Statistical,,,,,,
AVERAGEA,"Returns the average of its arguments, including numbers, text, and logical values",Statistical,,,,,,
AVERAGEIF,Returns the average (arithmetic mean) of all the cells in a range that meet a given criteria,Statistical,,,,,,
AVERAGEIFS,Returns the average (arithmetic mean) of all cells that meet multiple criteria.,Statistical,,,,,,
BAHTTEXT,"Converts a number to text, using the ß (baht) currency format",Text,,,,,,
BASE,Converts a number into a text representation with the given radix (base),Math and trigonometry,,,,,,
BESSELI,Returns the modified Bessel function In(x),Engineering,,,,,,
BESSELJ,Returns the Bessel function Jn(x),Engineering,,,,,,
BESSELK,Returns the modified Bessel function Kn(x),Engineering,,,,,,
BESSELY,Returns the Bessel function Yn(x),Engineering,,,,,,
BETADIST,Returns the beta cumulative distribution function,Compatibility,,,,,,
BETA.DIST,Returns the beta cumulative distribution function,Statistical,,,,,,
BETAINV,Returns the inverse of the cumulative distribution function for a specified beta distribution,Compatibility,,,,,,
BETA.INVn,Returns the inverse of the cumulative distribution function for a specified beta distribution,Statistical,,,,,,
BIN2DEC,Converts a binary number to decimal,Engineering,,,,,,
BIN2HEX,Converts a binary number to hexadecimal,Engineering,,,,,,
BIN2OCT,Converts a binary number to octal,Engineering,,,,,,
BINOMDIST,Returns the individual term binomial distribution probability,Compatibility,,,,,,
BINOM.DIST,Returns the individual term binomial distribution probability,Statistical,,,,,,
BINOM.DIST.RANGE,Returns the probability of a trial result using a binomial distribution,Statistical,,,,,,
BINOM.INV,Returns the smallest value for which the cumulative binomial distribution is less than or equal to a criterion value,Statistical,,,,,,
BITAND,Returns a 'Bitwise And' of two numbers,Engineering,,,,,,
BITLSHIFT,Returns a value number shifted left by shift_amount bits,Engineering,,,,,,
BITOR,Returns a bitwise OR of 2 numbers,Engineering,,,,,,
BITRSHIFT,Returns a value number shifted right by shift_amount bits,Engineering,,,,,,
BITXOR,Returns a bitwise 'Exclusive Or' of two numbers,Engineering,,,,,,
BYCOL,Applies a LAMBDA to each column and returns an array of the results,Logical,,,,,,
BYROW,Applies a LAMBDA to each row and returns an array of the results,Logical,,,,,,
CALL,Calls a procedure in a dynamic link library or code resource,Add-in and Automation,,,,,,
CEILING,Rounds a number to the nearest integer or to the nearest multiple of significance,Compatibility,,,,,,
CEILING.MATH,"Rounds a number up, to the nearest integer or to the nearest multiple of significance",Math and trigonometry,,,,,,
CEILING.PRECISE,"Rounds a number the nearest integer or to the nearest multiple of significance. Regardless of the sign of the number, the number is rounded up.",Math and trigonometry,,,,,,
CELL,"Returns information about the formatting, location, or contents of a cell",Information,,,,,,
CHAR,Returns the character specified by the code number,Text,,,,,,
CHIDIST,Returns the one-tailed probability of the chi-squared distribution,Compatibility,,,,,,
CHIINV,Returns the inverse of the one-tailed probability of the chi-squared distribution,Compatibility,,,,,,
CHITEST,Returns the test for independence,Compatibility,,,,,,
CHISQ.DIST,Returns the cumulative beta probability density function,Statistical,,,,,,
CHISQ.DIST.RT,Returns the one-tailed probability of the chi-squared distribution,Statistical,,,,,,
CHISQ.INV,Returns the cumulative beta probability density function,Statistical,,,,,,
CHISQ.INV.RT,Returns the inverse of the one-tailed probability of the chi-squared distribution,Statistical,,,,,,
CHISQ.TEST,Returns the test for independence,Statistical,,,,,,
CHOOSE,Chooses a value from a list of values,Lookup and reference,,,,,,
CHOOSECOLS,Returns the specified columns from an array,Lookup and reference,,,,,,
CHOOSEROWS,Returns the specified rows from an array,Lookup and reference,,,,,,
CLEAN,Removes all nonprintable characters from text,Text,,,,,,
CODE,Returns a numeric code for the first character in a text string,Text,,,,,,
COLUMN,Returns the column number of a reference,Lookup and reference,,,,,,
COLUMNS,Returns the number of columns in a reference,Lookup and reference,,,,,,
COMBIN,Returns the number of combinations for a given number of objects,Math and trigonometry,,,,,,
COMBINA,Returns the number of combinations with repetitions for a given number of items,Math and trigonometry,,,,,,
COMPLEX,Converts real and imaginary coefficients into a complex number,Engineering,,,,,,
CONCAT,"Combines the text from multiple ranges and/or strings, but it doesn't provide the delimiter or IgnoreEmpty arguments.",Text,,,,,,
CONCATENATE,Joins several text items into one text item,Text,,,,,,
CONFIDENCE,Returns the confidence interval for a population mean,Compatibility,,,,,,
CONFIDENCE.NORM,Returns the confidence interval for a population mean,Statistical,,,,,,
CONFIDENCE.T,"Returns the confidence interval for a population mean, using a Student's t distribution",Statistical,,,,,,
CONVERT,Converts a number from one measurement system to another,Engineering,,,,,,
CORREL,Returns the correlation coefficient between two data sets,Statistical,,,,,,
COS,Returns the cosine of a number,Math and trigonometry,,,,,,
COSH,Returns the hyperbolic cosine of a number,Math and trigonometry,,,,,,
COT,Returns the hyperbolic cosine of a number,Math and trigonometry,,,,,,
COTH,Returns the cotangent of an angle,Math and trigonometry,,,,,,
COUNT,Counts how many numbers are in the list of arguments,Statistical,,,,,,
COUNTA,Counts how many values are in the list of arguments,Statistical,,,,,,
COUNTBLANK,Counts the number of blank cells within a range,Statistical,,,,,,
COUNTIF,Counts the number of cells within a range that meet the given criteria,Statistical,,,,,,
COUNTIFS,Counts the number of cells within a range that meet multiple criteria,Statistical,,,,,,
COUPDAYBS,Returns the number of days from the beginning of the coupon period to the settlement date,Financial,,,,,,
COUPDAYS,Returns the number of days in the coupon period that contains the settlement date,Financial,,,,,,
COUPDAYSNC,Returns the number of days from the settlement date to the next coupon date,Financial,,,,,,
COUPNCD,Returns the next coupon date after the settlement date,Financial,,,,,,
COUPNUM,Returns the number of coupons payable between the settlement date and maturity date,Financial,,,,,,
COUPPCD,Returns the previous coupon date before the settlement date,Financial,,,,,,
COVAR,"Returns covariance, the average of the products of paired deviations",Compatibility,,,,,,
COVARIANCE.P,"Returns covariance, the average of the products of paired deviations",Statistical,,,,,,
COVARIANCE.S,"Returns the sample covariance, the average of the products deviations for each data point pair in two data sets",Statistical,,,,,,
CRITBINOM,Returns the smallest value for which the cumulative binomial distribution is less than or equal to a criterion value,Compatibility,,,,,,
CSC,Returns the cosecant of an angle,Math and trigonometry,,,,,,
CSCH,Returns the hyperbolic cosecant of an angle,Math and trigonometry,,,,,,
CUBEKPIMEMBER,"Returns a key performance indicator (KPI) name, property, and measure, and displays the name and property in the cell. A KPI is a quantifiable measurement, such as monthly gross profit or quarterly employee turnover, used to monitor an organization's performance.",Cube,,,,,,
CUBEMEMBER,Returns a member or tuple in a cube hierarchy. Use to validate that the member or tuple exists in the cube.,Cube,,,,,,
CUBEMEMBERPROPERTY,Returns the value of a member property in the cube. Use to validate that a member name exists within the cube and to return the specified property for this member.,Cube,,,,,,
CUBERANKEDMEMBER,"Returns the nth, or ranked, member in a set. Use to return one or more elements in a set, such as the top sales performer or top 10 students.",Cube,,,,,,
CUBESET,"Defines a calculated set of members or tuples by sending a set expression to the cube on the server, which creates the set, and then returns that set to Microsoft Office Excel.",Cube,,,,,,
CUBESETCOUNT,Returns the number of items in a set.,Cube,,,,,,
CUBEVALUE,Returns an aggregated value from a cube.,Cube,,,,,,
CUMIPMT,Returns the cumulative interest paid between two periods,Financial,,,,,,
CUMPRINC,Returns the cumulative principal paid on a loan between two periods,Financial,,,,,,
DATE,Returns the serial number of a particular date,Date and time,,,,,,
DATEDIF,"Calculates the number of days, months, or years between two dates. This function is useful in formulas where you need to calculate an age.",Date and time,,,,,,
DATEVALUE,Converts a date in the form of text to a serial number,Date and time,,,,,,
DAVERAGE,Returns the average of selected database entries,Database,,,,,,
DAY,Converts a serial number to a day of the month,Date and time,,,,,,
DAYS,Returns the number of days between two dates,Date and time,,,,,,
DAYS360,Calculates the number of days between two dates based on a 360-day year,Date and time,,,,,,
DB,Returns the depreciation of an asset for a specified period by using the fixed-declining balance method,Financial,,,,,,
DBCS,Changes half-width (single-byte) English letters or katakana within a character string to full-width (double-byte) characters,Text,,,,,,
DCOUNT,Counts the cells that contain numbers in a database,Database,,,,,,
DCOUNTA,Counts nonblank cells in a database,Database,,,,,,
DDB,Returns the depreciation of an asset for a specified period by using the double-declining balance method or some other method that you specify,Financial,,,,,,
DEC2BIN,Converts a decimal number to binary,Engineering,,,,,,
DEC2HEX,Converts a decimal number to hexadecimal,Engineering,,,,,,
DEC2OCT,Converts a decimal number to octal,Engineering,,,,,,
DECIMAL,Converts a text representation of a number in a given base into a decimal number,Math and trigonometry,,,,,,
DEGREES,Converts radians to degrees,Math and trigonometry,,,,,,
DELTA,Tests whether two values are equal,Engineering,,,,,,
DETECTLANGUAGE,Identifies the language of a specified text,Text,,,,,,
DEVSQ,Returns the sum of squares of deviations,Statistical,,,,,,
DGET,Extracts from a database a single record that matches the specified criteria,Database,,,,,,
DISC,Returns the discount rate for a security,Financial,,,,,,
DMAX,Returns the maximum value from selected database entries,Database,,,,,,
DMIN,Returns the minimum value from selected database entries,Database,,,,,,
DOLLAR,"Converts a number to text, using the $ (dollar) currency format",Text,,,,,,
DOLLARDE,"Converts a dollar price, expressed as a fraction, into a dollar price, expressed as a decimal number",Financial,,,,,,
DOLLARFR,"Converts a dollar price, expressed as a decimal number, into a dollar price, expressed as a fraction",Financial,,,,,,
DPRODUCT,Multiplies the values in a particular field of records that match the criteria in a database,Database,,,,,,
DROP,Excludes a specified number of rows or columns from the start or end of an array,Lookup and reference,,,,,,
DSTDEV,Estimates the standard deviation based on a sample of selected database entries,Database,,,,,,
DSTDEVP,Calculates the standard deviation based on the entire population of selected database entries,Database,,,,,,
DSUM,Adds the numbers in the field column of records in the database that match the criteria,Database,,,,,,
DURATION,Returns the annual duration of a security with periodic interest payments,Financial,,,,,,
DVAR,Estimates variance based on a sample from selected database entries,Database,,,,,,
DVARP,Calculates variance based on the entire population of selected database entries,Database,,,,,,
EDATE,Returns the serial number of the date that is the indicated number of months before or after the start date,Date and time,,,,,,
EFFECT,Returns the effective annual interest rate,Financial,,,,,,
ENCODEURL,Returns a URL-encoded string,Web,,,,,,
EOMONTH,Returns the serial number of the last day of the month before or after a specified number of months,Date and time,,,,,,
ERF,Returns the error function,Engineering,,,,,,
ERF.PRECISE,Returns the error function,Engineering,,,,,,
ERFC,Returns the complementary error function,Engineering,,,,,,
ERFC.PRECISE,Returns the complementary ERF function integrated between x and infinity,Engineering,,,,,,
ERROR.TYPE,Returns a number corresponding to an error type,Information,,,,,,
EUROCONVERT,"Converts a number to euros, converts a number from euros to a euro member currency, or converts a number from one euro member currency to another by using the euro as an intermediary (triangulation).",Add-in and Automation,,,,,,
EVEN,Rounds a number up to the nearest even integer,Math and trigonometry,,,,,,
EXACT,Checks to see if two text values are identical,Text,,,,,,
EXP,Returns e raised to the power of a given number,Math and trigonometry,,,,,,
EXPAND,Expands or pads an array to specified row and column dimensions,Lookup and reference,,,,,,
EXPON.DIST,Returns the exponential distribution,Statistical,,,,,,
EXPONDIST,Returns the exponential distribution,Compatibility,,,,,,
FACT,Returns the factorial of a number,Math and trigonometry,,,,,,
FACTDOUBLE,Returns the double factorial of a number,Math and trigonometry,,,,,,
false,Returns the logical value FALSE,Logical,,,,,,
F.DIST,Returns the F probability distribution,Statistical,,,,,,
FDIST,Returns the F probability distribution,Compatibility,,,,,,
F.DIST.RT,Returns the F probability distribution,Statistical,,,,,,
FILTER,Filters a range of data based on criteria you define,Lookup and reference,,,,,,
FILTERXML,Returns specific data from the XML content by using the specified XPath,Web,,,,,,
"FIND, FINDB",Finds one text value within another (case-sensitive),Text,,,,,,
F.INV,Returns the inverse of the F probability distribution,Statistical,,,,,,
F.INV.RT,Returns the inverse of the F probability distribution,Statistical,,,,,,
FINV,Returns the inverse of the F probability distribution,Compatibility,,,,,,
FISHER,Returns the Fisher transformation,Statistical,,,,,,
FISHERINV,Returns the inverse of the Fisher transformation,Statistical,,,,,,
FIXED,Formats a number as text with a fixed number of decimals,Text,,,,,,
FLOOR,"Rounds a number down, toward zero",Compatibility,,,,,,
FLOOR.MATH,"Rounds a number down, to the nearest integer or to the nearest multiple of significance",Math and trigonometry,,,,,,
FLOOR.PRECISE,"Rounds a number the nearest integer or to the nearest multiple of significance. Regardless of the sign of the number, the number is rounded up.",Math and trigonometry,,,,,,
FORECAST,Returns a value along a linear trend,Statistical,,,,,,
FORECAST.ETS,Returns a future value based on existing (historical) values by using the AAA version of the Exponential Smoothing (ETS) algorithm,Statistical,,,,,,
FORECAST.ETS.CONFINT,Returns a confidence interval for the forecast value at the specified target date,Statistical,,,,,,
FORECAST.ETS.SEASONALITY,Returns the length of the repetitive pattern Excel detects for the specified time series,Statistical,,,,,,
FORECAST.ETS.STAT,Returns a statistical value as a result of time series forecasting,Statistical,,,,,,
FORECAST.LINEAR,Returns a future value based on existing values,Statistical,,,,,,
FORMULATEXT,Returns the formula at the given reference as text,Lookup and reference,,,,,,
FREQUENCY,Returns a frequency distribution as a vertical array,Statistical,,,,,,
F.TEST,Returns the result of an F-test,Statistical,,,,,,
FTEST,Returns the result of an F-test,Compatibility,,,,,,
FV,Returns the future value of an investment,Financial,,,,,,
FVSCHEDULE,Returns the future value of an initial principal after applying a series of compound interest rates,Financial,,,,,,
GAMMA,Returns the Gamma function value,Statistical,,,,,,
GAMMA.DIST,Returns the gamma distribution,Statistical,,,,,,
GAMMADIST,Returns the gamma distribution,Compatibility,,,,,,
GAMMA.INV,Returns the inverse of the gamma cumulative distribution,Statistical,,,,,,
GAMMAINV,Returns the inverse of the gamma cumulative distribution,Compatibility,,,,,,
GAMMALN,"Returns the natural logarithm of the gamma function, Γ(x)",Statistical,,,,,,
GAMMALN.PRECISE,"Returns the natural logarithm of the gamma function, Γ(x)",Statistical,,,,,,
GAUSS,Returns 0.5 less than the standard normal cumulative distribution,Statistical,,,,,,
GCD,Returns the greatest common divisor,Math and trigonometry,,,,,,
GEOMEAN,Returns the geometric mean,Statistical,,,,,,
GESTEP,Tests whether a number is greater than a threshold value,Engineering,,,,,,
GETPIVOTDATA,Returns data stored in a PivotTable report,Lookup and reference,,,,,,
GROUPBY,"Helps a user group, aggregate, sort, and filter data based on the fields you specify",Lookup and reference,,,,,,
GROWTH,Returns values along an exponential trend,Statistical,,,,,,
HARMEAN,Returns the harmonic mean,Statistical,,,,,,
HEX2BIN,Converts a hexadecimal number to binary,Engineering,,,,,,
HEX2DEC,Converts a hexadecimal number to decimal,Engineering,,,,,,
HEX2OCT,Converts a hexadecimal number to octal,Engineering,,,,,,
HLOOKUP,Looks in the top row of an array and returns the value of the indicated cell,Lookup and reference,,,,,,
HOUR,Converts a serial number to an hour,Date and time,,,,,,
HSTACK,Appends arrays horizontally and in sequence to return a larger array,Lookup and reference,,,,,,
HYPERLINK,"Creates a shortcut or jump that opens a document stored on a network server, an intranet, or the Internet",Lookup and reference,,,,,,
HYPGEOM.DIST,Returns the hypergeometric distribution,Statistical,,,,,,
HYPGEOMDIST,Returns the hypergeometric distribution,Compatibility,,,,,,
IF,Specifies a logical test to perform,Logical,,,,,,
IFERROR,"Returns a value you specify if a formula evaluates to an error; otherwise, returns the result of the formula",Logical,,,,,,
IFNA,"Returns the value you specify if the expression resolves to #N/A, otherwise returns the result of the expression",Logical,,,,,,
IFS,Checks whether one or more conditions are met and returns a value that corresponds to the first TRUE condition.,Logical,,,,,,
IMABS,Returns the absolute value (modulus) of a complex number,Engineering,,,,,,
IMAGE,Returns an image from a given source,Lookup and reference,,,,,,
IMAGINARY,Returns the imaginary coefficient of a complex number,Engineering,,,,,,
IMARGUMENT,"Returns the argument theta, an angle expressed in radians",Engineering,,,,,,
IMCONJUGATE,Returns the complex conjugate of a complex number,Engineering,,,,,,
IMCOS,Returns the cosine of a complex number,Engineering,,,,,,
IMCOSH,Returns the hyperbolic cosine of a complex number,Engineering,,,,,,
IMCOT,Returns the cotangent of a complex number,Engineering,,,,,,
IMCSC,Returns the cosecant of a complex number,Engineering,,,,,,
IMCSCH,Returns the hyperbolic cosecant of a complex number,Engineering,,,,,,
IMDIV,Returns the quotient of two complex numbers,Engineering,,,,,,
IMEXP,Returns the exponential of a complex number,Engineering,,,,,,
IMLN,Returns the natural logarithm of a complex number,Engineering,,,,,,
IMLOG10,Returns the base-10 logarithm of a complex number,Engineering,,,,,,
IMLOG2,Returns the base-2 logarithm of a complex number,Engineering,,,,,,
IMPOWER,Returns a complex number raised to an integer power,Engineering,,,,,,
IMPRODUCT,Returns the product of complex numbers,Engineering,,,,,,
IMREAL,Returns the real coefficient of a complex number,Engineering,,,,,,
IMSEC,Returns the secant of a complex number,Engineering,,,,,,
IMSECH,Returns the hyperbolic secant of a complex number,Engineering,,,,,,
IMSIN,Returns the sine of a complex number,Engineering,,,,,,
IMSINH,Returns the hyperbolic sine of a complex number,Engineering,,,,,,
IMSQRT,Returns the square root of a complex number,Engineering,,,,,,
IMSUB,Returns the difference between two complex numbers,Engineering,,,,,,
IMSUM,Returns the sum of complex numbers,Engineering,,,,,,
IMTAN,Returns the tangent of a complex number,Engineering,,,,,,
INDEX,Uses an index to choose a value from a reference or array,Lookup and reference,,,,,,
INDIRECT,Returns a reference indicated by a text value,Lookup and reference,,,,,,
INFO,Returns information about the current operating environment,Information,,,,,,
INT,Rounds a number down to the nearest integer,Math and trigonometry,,,,,,
INTERCEPT,Returns the intercept of the linear regression line,Statistical,,,,,,
INTRATE,Returns the interest rate for a fully invested security,Financial,,,,,,
IPMT,Returns the interest payment for an investment for a given period,Financial,,,,,,
IRR,Returns the internal rate of return for a series of cash flows,Financial,,,,,,
ISBLANK,Returns TRUE if the value is blank,Information,,,,,,
ISERR,Returns TRUE if the value is any error value except #N/A,Information,,,,,,
ISERROR,Returns TRUE if the value is any error value,Information,,,,,,
ISEVEN,Returns TRUE if the number is even,Information,,,,,,
ISFORMULA,Returns TRUE if there is a reference to a cell that contains a formula,Information,,,,,,
ISLOGICAL,Returns TRUE if the value is a logical value,Information,,,,,,
ISNA,Returns TRUE if the value is the #N/A error value,Information,,,,,,
ISNONTEXT,Returns TRUE if the value is not text,Information,,,,,,
ISNUMBER,Returns TRUE if the value is a number,Information,,,,,,
ISODD,Returns TRUE if the number is odd,Information,,,,,,
ISOMITTED,Checks whether the value in a LAMBDA is missing and returns TRUE or FALSE,Information,,,,,,
ISREF,Returns TRUE if the value is a reference,Information,,,,,,
ISTEXT,Returns TRUE if the value is text,Information,,,,,,
ISO.CEILING,Returns a number that is rounded up to the nearest integer or to the nearest multiple of significance,Math and trigonometry,,,,,,
ISOWEEKNUM,Returns the number of the ISO week number of the year for a given date,Date and time,,,,,,
ISPMT,Calculates the interest paid during a specific period of an investment,Financial,,,,,,
JIS,Changes half-width (single-byte) characters within a string to full-width (double-byte) characters,Text,,,,,,
KURT,Returns the kurtosis of a data set,Statistical,,,,,,
LAMBDA,"Create custom, reusable and call them by a friendly name",Logical,,,,,,
LARGE,Returns the k-th largest value in a data set,Statistical,,,,,,
LCM,Returns the least common multiple,Math and trigonometry,,,,,,
"LEFT, LEFTB",Returns the leftmost characters from a text value,Text,,,,,,
"LEN, LENB",Returns the number of characters in a text string,Text,,,,,,
LET,Assigns names to calculation results,Logical,,,,,,
LINEST,Returns the parameters of a linear trend,Statistical,,,,,,
LN,Returns the natural logarithm of a number,Math and trigonometry,,,,,,
LOG,Returns the logarithm of a number to a specified base,Math and trigonometry,,,,,,
LOG10,Returns the base-10 logarithm of a number,Math and trigonometry,,,,,,
LOGEST,Returns the parameters of an exponential trend,Statistical,,,,,,
LOGINV,Returns the inverse of the lognormal cumulative distribution,Compatibility,,,,,,
LOGNORM.DIST,Returns the cumulative lognormal distribution,Statistical,,,,,,
LOGNORMDIST,Returns the cumulative lognormal distribution,Compatibility,,,,,,
LOGNORM.INV,Returns the inverse of the lognormal cumulative distribution,Statistical,,,,,,
LOOKUP,Looks up values in a vector or array,Lookup and reference,,,,,,
LOWER,Converts text to lowercase,Text,,,,,,
MAKEARRAY,"Returns a calculated array of a specified row and column size, by applying a LAMBDA",Logical,,,,,,
MAP,Returns an array formed by mapping each value in the array(s) to a new value by applying a LAMBDA to create a new value,Logical,,,,,,
MATCH,Looks up values in a reference or array,Lookup and reference,,,,,,
MAX,Returns the maximum value in a list of arguments,Statistical,,,,,,
MAXA,"Returns the maximum value in a list of arguments, including numbers, text, and logical values",Statistical,,,,,,
MAXIFS,Returns the maximum value among cells specified by a given set of conditions or criteria,Statistical,,,,,,
MDETERM,Returns the matrix determinant of an array,Math and trigonometry,,,,,,
MDURATION,Returns the Macauley modified duration for a security with an assumed par value of $100,Financial,,,,,,
MEDIAN,Returns the median of the given numbers,Statistical,,,,,,
"MID, MIDB",Returns a specific number of characters from a text string starting at the position you specify,Text,,,,,,
MIN,Returns the minimum value in a list of arguments,Statistical,,,,,,
MINIFS,Returns the minimum value among cells specified by a given set of conditions or criteria.,Statistical,,,,,,
MINA,"Returns the smallest value in a list of arguments, including numbers, text, and logical values",Statistical,,,,,,
MINUTE,Converts a serial number to a minute,Date and time,,,,,,
MINVERSE,Returns the matrix inverse of an array,Math and trigonometry,,,,,,
MIRR,Returns the internal rate of return where positive and negative cash flows are financed at different rates,Financial,,,,,,
MMULT,Returns the matrix product of two arrays,Math and trigonometry,,,,,,
MOD,Returns the remainder from division,Math and trigonometry,,,,,,
MODE,Returns the most common value in a data set,Compatibility,,,,,,
MODE.MULT,"Returns a vertical array of the most frequently occurring, or repetitive values in an array or range of data",Statistical,,,,,,
MODE.SNGL,Returns the most common value in a data set,Statistical,,,,,,
MONTH,Converts a serial number to a month,Date and time,,,,,,
MROUND,Returns a number rounded to the desired multiple,Math and trigonometry,,,,,,
MULTINOMIAL,Returns the multinomial of a set of numbers,Math and trigonometry,,,,,,
MUNIT,Returns the unit matrix or the specified dimension,Math and trigonometry,,,,,,
N,Returns a value converted to a number,Information,,,,,,
NA,Returns the error value #N/A,Information,,,,,,
NEGBINOM.DIST,Returns the negative binomial distribution,Statistical,,,,,,
NEGBINOMDIST,Returns the negative binomial distribution,Compatibility,,,,,,
NETWORKDAYS,Returns the number of whole workdays between two dates,Date and time,,,,,,
NETWORKDAYS.INTL,Returns the number of whole workdays between two dates using parameters to indicate which and how many days are weekend days,Date and time,,,,,,
NOMINAL,Returns the annual nominal interest rate,Financial,,,,,,
NORM.DIST,Returns the normal cumulative distribution,Statistical,,,,,,
NORMDIST,Returns the normal cumulative distribution,Compatibility,,,,,,
NORMINV,Returns the inverse of the normal cumulative distribution,Statistical,,,,,,
NORM.INV,Returns the inverse of the normal cumulative distribution,Compatibility,,,,,,
NORM.S.DIST,Returns the standard normal cumulative distribution,Statistical,,,,,,
NORMSDIST,Returns the standard normal cumulative distribution,Compatibility,,,,,,
NORM.S.INV,Returns the inverse of the standard normal cumulative distribution,Statistical,,,,,,
NORMSINV,Returns the inverse of the standard normal cumulative distribution,Compatibility,,,,,,
NOT,Reverses the logic of its argument,Logical,,,,,,
NOW,Returns the serial number of the current date and time,Date and time,,,,,,
NPER,Returns the number of periods for an investment,Financial,,,,,,
NPV,Returns the net present value of an investment based on a series of periodic cash flows and a discount rate,Financial,,,,,,
NUMBERVALUE,Converts text to number in a locale-independent manner,Text,,,,,,
OCT2BIN,Converts an octal number to binary,Engineering,,,,,,
OCT2DEC,Converts an octal number to decimal,Engineering,,,,,,
OCT2HEX,Converts an octal number to hexadecimal,Engineering,,,,,,
ODD,Rounds a number up to the nearest odd integer,Math and trigonometry,,,,,,
ODDFPRICE,Returns the price per $100 face value of a security with an odd first period,Financial,,,,,,
ODDFYIELD,Returns the yield of a security with an odd first period,Financial,,,,,,
ODDLPRICE,Returns the price per $100 face value of a security with an odd last period,Financial,,,,,,
ODDLYIELD,Returns the yield of a security with an odd last period,Financial,,,,,,
OFFSET,Returns a reference offset from a given reference,Lookup and reference,,,,,,
OR,Returns TRUE if any argument is TRUE,Logical,,,,,,
PDURATION,Returns the number of periods required by an investment to reach a specified value,Financial,,,,,,
PEARSON,Returns the Pearson product moment correlation coefficient,Statistical,,,,,,
PERCENTILE.EXC,"Returns the k-th percentile of values in a range, where k is in the range 0..1, exclusive",Statistical,,,,,,
PERCENTILE.INC,Returns the k-th percentile of values in a range,Statistical,,,,,,
PERCENTILE,Returns the k-th percentile of values in a range,Compatibility,,,,,,
PERCENTOF,Sums the values in the subset and divides it by all the values,Math and trigonometry,,,,,,
PERCENTRANK.EXC,"Returns the rank of a value in a data set as a percentage (0..1, exclusive) of the data set",Statistical,,,,,,
PERCENTRANK.INC,Returns the percentage rank of a value in a data set,Statistical,,,,,,
PERCENTRANK,Returns the percentage rank of a value in a data set,Compatibility,,,,,,
PERMUT,Returns the number of permutations for a given number of objects,Statistical,,,,,,
PERMUTATIONA,Returns the number of permutations for a given number of objects (with repetitions) that can be selected from the total objects,Statistical,,,,,,
PHI,Returns the value of the density function for a standard normal distribution,Statistical,,,,,,
PHONETIC,Extracts the phonetic (furigana) characters from a text string,Text,,,,,,
PI,Returns the value of pi,Math and trigonometry,,,,,,
PIVOTBY,"Helps a user group, aggregate, sort, and filter data based on the row and column fields that you specify",Lookup and reference,,,,,,
PMT,Returns the periodic payment for an annuity,Financial,,,,,,
POISSON.DIST,Returns the Poisson distribution,Statistical,,,,,,
POISSON,Returns the Poisson distribution,Compatibility,,,,,,
POWER,Returns the result of a number raised to a power,Math and trigonometry,,,,,,
PPMT,Returns the payment on the principal for an investment for a given period,Financial,,,,,,
PRICE,Returns the price per $100 face value of a security that pays periodic interest,Financial,,,,,,
PRICEDISC,Returns the price per $100 face value of a discounted security,Financial,,,,,,
PRICEMAT,Returns the price per $100 face value of a security that pays interest at maturity,Financial,,,,,,
PROB,Returns the probability that values in a range are between two limits,Statistical,,,,,,
PRODUCT,Multiplies its arguments,Math and trigonometry,,,,,,
PROPER,Capitalizes the first letter in each word of a text value,Text,,,,,,
PV,Returns the present value of an investment,Financial,,,,,,
QUARTILE,Returns the quartile of a data set,Compatibility,,,,,,
QUARTILE.EXC,"Returns the quartile of the data set, based on percentile values from 0..1, exclusive",Statistical,,,,,,
QUARTILE.INC,Returns the quartile of a data set,Statistical,,,,,,
QUOTIENT,Returns the integer portion of a division,Math and trigonometry,,,,,,
RADIANS,Converts degrees to radians,Math and trigonometry,,,,,,
RAND,Returns a random number between 0 and 1,Math and trigonometry,,,,,,
RANDARRAY,"Returns an array of random numbers between 0 and 1. However, you can specify the number of rows and columns to fill, minimum and maximum values, and whether to return whole numbers or decimal values.",Math and trigonometry,,,,,,
RANDBETWEEN,Returns a random number between the numbers you specify,Math and trigonometry,,,,,,
RANK.AVG,Returns the rank of a number in a list of numbers,Statistical,,,,,,
RANK.EQ,Returns the rank of a number in a list of numbers,Statistical,,,,,,
RANK,Returns the rank of a number in a list of numbers,Compatibility,,,,,,
RATE,Returns the interest rate per period of an annuity,Financial,,,,,,
RECEIVED,Returns the amount received at maturity for a fully invested security,Financial,,,,,,
REDUCE,Reduces an array to an accumulated value by applying a LAMBDA to each value and returning the total value in the accumulator,Logical,,,,,,
REGEXEXTRACT,Extracts strings within the provided text that matches the pattern,Text,,,,,,
REGEXREPLACE,Replaces strings within the provided text that matches the pattern with replacement,Text,,,,,,
REGEXTEST,Determines whether any part of text matches the pattern,Text,,,,,,
REGISTER.ID,Returns the register ID of the specified dynamic link library (DLL) or code resource that has been previously registered,Add-in and Automation,,,,,,
"REPLACE, REPLACEB",Replaces characters within text,Text,,,,,,
REPT,Repeats text a given number of times,Text,,,,,,
"RIGHT, RIGHTB",Returns the rightmost characters from a text value,Text,,,,,,
ROMAN,"Converts an arabic numeral to roman, as text",Math and trigonometry,,,,,,
ROUND,Rounds a number to a specified number of digits,Math and trigonometry,,,,,,
ROUNDDOWN,"Rounds a number down, toward zero",Math and trigonometry,,,,,,
ROUNDUP,"Rounds a number up, away from zero",Math and trigonometry,,,,,,
ROW,Returns the row number of a reference,Lookup and reference,,,,,,
ROWS,Returns the number of rows in a reference,Lookup and reference,,,,,,
RRI,Returns an equivalent interest rate for the growth of an investment,Financial,,,,,,
RSQ,Returns the square of the Pearson product moment correlation coefficient,Statistical,,,,,,
RTD,Retrieves real-time data from a program that supports COM automation,Lookup and reference,,,,,,
SCAN,Scans an array by applying a LAMBDA to each value and returns an array that has each intermediate value,Logical,,,,,,
"SEARCH, SEARCHB",Finds one text value within another (not case-sensitive),Text,,,,,,
SEC,Returns the secant of an angle,Math and trigonometry,,,,,,
SECH,Returns the hyperbolic secant of an angle,Math and trigonometry,,,,,,
SECOND,Converts a serial number to a second,Date and time,,,,,,
SEQUENCE,"Generates a list of sequential numbers in an array, such as 1, 2, 3, 4",Math and trigonometry,,,,,,
SERIESSUM,Returns the sum of a power series based on the formula,Math and trigonometry,,,,,,
SHEET,Returns the sheet number of the referenced sheet,Information,,,,,,
SHEETS,Returns the number of sheets in a reference,Information,,,,,,
SIGN,Returns the sign of a number,Math and trigonometry,,,,,,
SIN,Returns the sine of the given angle,Math and trigonometry,,,,,,
SINH,Returns the hyperbolic sine of a number,Math and trigonometry,,,,,,
SKEW,Returns the skewness of a distribution,Statistical,,,,,,
SKEW.P,Returns the skewness of a distribution based on a population,Statistical,,,,,,
SLN,Returns the straight-line depreciation of an asset for one period,Financial,,,,,,
SLOPE,Returns the slope of the linear regression line,Statistical,,,,,,
SMALL,Returns the k-th smallest value in a data set,Statistical,,,,,,
SORT,Sorts the contents of a range or array,Lookup and reference,,,,,,
SORTBY,Sorts the contents of a range or array based on the values in a corresponding range or array,Lookup and reference,,,,,,
SQRT,Returns a positive square root,Math and trigonometry,,,,,,
SQRTPI,Returns the square root of (number * pi),Math and trigonometry,,,,,,
STANDARDIZE,Returns a normalized value,Statistical,,,,,,
STOCKHISTORY,Retrieves historical data about a financial instrument,Information,,,,,,
STDEV,Estimates standard deviation based on a sample,Compatibility,,,,,,
STDEV.P,Calculates standard deviation based on the entire population,Statistical,,,,,,
STDEV.S,Estimates standard deviation based on a sample,Statistical,,,,,,
STDEVA,"Estimates standard deviation based on a sample, including numbers, text, and logical values",Statistical,,,,,,
STDEVP,Calculates standard deviation based on the entire population,Compatibility,,,,,,
STDEVPA,"Calculates standard deviation based on the entire population, including numbers, text, and logical values",Statistical,,,,,,
STEYX,Returns the standard error of the predicted y-value for each x in the regression,Statistical,,,,,,
STOCKHISTORY,Retrieves historical data about a financial instrument and loads it as an array,Information,,,,,,
SUBSTITUTE,Substitutes new text for old text in a text string,Text,,,,,,
SUBTOTAL,Returns a subtotal in a list or database,Math and trigonometry,,,,,,
SUM,Adds its arguments,Math and trigonometry,,,,,,
SUMIF,Adds the cells specified by a given criteria,Math and trigonometry,,,,,,
SUMIFS,Adds the cells in a range that meet multiple criteria,Math and trigonometry,,,,,,
SUMPRODUCT,Returns the sum of the products of corresponding array components,Math and trigonometry,,,,,,
SUMSQ,Returns the sum of the squares of the arguments,Math and trigonometry,,,,,,
SUMX2MY2,Returns the sum of the difference of squares of corresponding values in two arrays,Math and trigonometry,,,,,,
SUMX2PY2,Returns the sum of the sum of squares of corresponding values in two arrays,Math and trigonometry,,,,,,
SUMXMY2,Returns the sum of squares of differences of corresponding values in two arrays,Math and trigonometry,,,,,,
SWITCH,"Evaluates an expression against a list of values and returns the result corresponding to the first matching value. If there is no match, an optional default value may be returned.",Logical,,,,,,
SYD,Returns the sum-of-years' digits depreciation of an asset for a specified period,Financial,,,,,,
T,Converts its arguments to text,Text,,,,,,
TAN,Returns the tangent of a number,Math and trigonometry,,,,,,
TANH,Returns the hyperbolic tangent of a number,Math and trigonometry,,,,,,
TAKE,Returns a specified number of contiguous rows or columns from the start or end of an array,Lookup and reference,,,,,,
TBILLEQ,Returns the bond-equivalent yield for a Treasury bill,Financial,,,,,,
TBILLPRICE,Returns the price per $100 face value for a Treasury bill,Financial,,,,,,
TBILLYIELD,Returns the yield for a Treasury bill,Financial,,,,,,
T.DIST,Returns the Percentage Points (probability) for the Student t-distribution,Statistical,,,,,,
T.DIST.2T,Returns the Percentage Points (probability) for the Student t-distribution,Statistical,,,,,,
T.DIST.RT,Returns the Student's t-distribution,Statistical,,,,,,
TDIST,Returns the Student's t-distribution,Compatibility,,,,,,
TEXT,Formats a number and converts it to text,Text,,,,,,
TEXTAFTER,Returns text that occurs after given character or string,Text,,,,,,
TEXTBEFORE,Returns text that occurs before a given character or string,Text,,,,,,
TEXTJOIN,Combines the text from multiple ranges and/or strings,Text,,,,,,
TEXTSPLIT,Splits text strings by using column and row delimiters,Text,,,,,,
TIME,Returns the serial number of a particular time,Date and time,,,,,,
TIMEVALUE,Converts a time in the form of text to a serial number,Date and time,,,,,,
T.INV,Returns the t-value of the Student's t-distribution as a function of the probability and the degrees of freedom,Statistical,,,,,,
T.INV.2T,Returns the inverse of the Student's t-distribution,Statistical,,,,,,
TINV,Returns the inverse of the Student's t-distribution,Compatibility,,,,,,
TOCOL,Returns the array in a single column,Lookup and reference,,,,,,
TOROW,Returns the array in a single row,Lookup and reference,,,,,,
TODAY,Returns the serial number of today's date,Date and time,,,,,,
TRANSLATE,Translates a text from one language to another,Text,,,,,,
TRANSPOSE,Returns the transpose of an array,Lookup and reference,,,,,,
TREND,Returns values along a linear trend,Statistical,,,,,,
TRIM,Removes spaces from text,Text,,,,,,
TRIMMEAN,Returns the mean of the interior of a data set,Statistical,,,,,,
TRIMRANGE,"Scans in from the edges of a range or array until it finds a non-blank cell (or value), it then excludes those blank rows or columns",Lookup and reference,,,,,,
true,Returns the logical value TRUE,Logical,,,,,,
TRUNC,Truncates a number to an integer,Math and trigonometry,,,,,,
T.TEST,Returns the probability associated with a Student's t-test,Statistical,,,,,,
TTEST,Returns the probability associated with a Student's t-test,Compatibility,,,,,,
TYPE,Returns a number indicating the data type of a value,Information,,,,,,
UNICHAR,Returns the Unicode character that is references by the given numeric value,Text,,,,,,
UNICODE,Returns the number (code point) that corresponds to the first character of the text,Text,,,,,,
UNIQUE,Returns a list of unique values in a list or range,Lookup and reference,,,,,,
UPPER,Converts text to uppercase,Text,,,,,,
VALUE,Converts a text argument to a number,Text,,,,,,
VALUETOTEXT,Returns text from any specified value,Text,,,,,,
VAR,Estimates variance based on a sample,Compatibility,,,,,,
VAR.P,Calculates variance based on the entire population,Statistical,,,,,,
VAR.S,Estimates variance based on a sample,Statistical,,,,,,
VARA,"Estimates variance based on a sample, including numbers, text, and logical values",Statistical,,,,,,
VARP,Calculates variance based on the entire population,Compatibility,,,,,,
VARPA,"Calculates variance based on the entire population, including numbers, text, and logical values",Statistical,,,,,,
VDB,Returns the depreciation of an asset for a specified or partial period by using a declining balance method,Financial,,,,,,
VLOOKUP,Looks in the first column of an array and moves across the row to return the value of a cell,Lookup and reference,,,,,,
VSTACK,Appends arrays vertically and in sequence to return a larger array,Look and reference,,,,,,
WEBSERVICE,Returns data from a web service.,Web,,,,,,
WEEKDAY,Converts a serial number to a day of the week,Date and time,,,,,,
WEEKNUM,Converts a serial number to a number representing where the week falls numerically with a year,Date and time,,,,,,
WEIBULL,"Calculates variance based on the entire population, including numbers, text, and logical values",Compatibility,,,,,,
WEIBULL.DIST,Returns the Weibull distribution,Statistical,,,,,,
WORKDAY,Returns the serial number of the date before or after a specified number of workdays,Date and time,,,,,,
WORKDAY.INTL,Returns the serial number of the date before or after a specified number of workdays using parameters to indicate which and how many days are weekend days,Date and time,,,,,,
WRAPCOLS,Wraps the provided row or column of values by columns after a specified number of elements,Look and reference,,,,,,
WRAPROWS,Wraps the provided row or column of values by rows after a specified number of elements,Look and reference,,,,,,
XIRR,Returns the internal rate of return for a schedule of cash flows that is not necessarily periodic,Financial,,,,,,
XLOOKUP,"Searches a range or an array, and returns an item corresponding to the first match it finds. If a match doesn't exist, then XLOOKUP can return the closest (approximate) match.",Lookup and reference,,,,,,
XMATCH,Returns the relative position of an item in an array or range of cells.,Lookup and reference,,,,,,
XNPV,Returns the net present value for a schedule of cash flows that is not necessarily periodic,Financial,,,,,,
XOR,Returns a logical exclusive OR of all arguments,Logical,,,,,,
YEAR,Converts a serial number to a year,Date and time,,,,,,
YEARFRAC,Returns the year fraction representing the number of whole days between start_date and end_date,Date and time,,,,,,
YIELD,Returns the yield on a security that pays periodic interest,Financial,,,,,,
YIELDDISC,"Returns the annual yield for a discounted security; for example, a Treasury bill",Financial,,,,,,
YIELDMAT,Returns the annual yield of a security that pays interest at maturity,Financial,,,,,,
Z.TEST,Returns the one-tailed probability-value of a z-test,Statistical,,,,,,
ZTEST,Returns the one-tailed probability-value of a z-test,Compatibility,,,,,,
